{
  "name": "afternoon_5500k",
  "temperature_k": 5500.0,
  "spd": [
    0.7474431,
    0.77051824,
    0.79248315,
    0.8133096,
    0.83298016,
    0.8514822,
    0.8688112,
    0.8849682,
    0.8999599,
    0.91379684,
    0.9264948,
    0.93807346,
    0.94855535,
    0.95796585,
    0.9663326,
    0.9736857,
    0.9800568,
    0.9854784,
    0.989984,
    0.9936087,
    0.9963876,
    0.99835545,
    0.99954766,
    1.0,
    0.99974686,
    0.99882245,
    0.99726063,
    0.9950963,
    0.9923613,
    0.9890864,
    0.9853045,
    0.9810447,
    0.9763367,
    0.9712091,
    0.9656887,
    0.95980304,
    0.953576,
    0.9470327,
    0.94019693,
    0.93309134,
    0.92573637,
    0.9181541,
    0.9103636,
    0.90238327,
    0.89423096,
    0.8859242,
    0.87747914,
    0.8689106,
    0.8602339,
    0.85146195,
    0.8426086,
    0.833686,
    0.8247056,
    0.8156788,
    0.80661523,
    0.7975255,
    0.7884183,
    0.7793028,
    0.7701864,
    0.7610775,
    0.7519824,
    0.74290836,
    0.73386127,
    0.72484684
  ]
}