{
  "name": "candle_1850k",
  "temperature_k": 1850.0,
  "spd": [
    0.0010076733,
    0.0012984042,
    0.0016571586,
    0.0020959768,
    0.0026282915,
    0.0032689213,
    0.004034126,
    0.0049416116,
    0.0060105063,
    0.007261377,
    0.008716132,
    0.010398046,
    0.012331594,
    0.014542506,
    0.017057503,
    0.01990433,
    0.023111613,
    0.026708642,
    0.030725341,
    0.03519196,
    0.040139347,
    0.045598164,
    0.05159917,
    0.05817294,
    0.06535003,
    0.07316,
    0.0816321,
    0.090794936,
    0.10067613,
    0.11130178,
    0.1226978,
    0.1348877,
    0.147895,
    0.16174011,
    0.1764432,
    0.19202211,
    0.2084934,
    0.2258715,
    0.24416877,
    0.26339647,
    0.28356364,
    0.30467814,
    0.3267432,
    0.34976375,
    0.3737406,
    0.39867336,
    0.42455903,
    0.45139465,
    0.4791727,
    0.50788593,
    0.53752583,
    0.5680807,
    0.5995355,
    0.63187927,
    0.66509396,
    0.6991639,
    0.7340682,
    0.76978993,
    0.8063055,
    0.84359515,
    0.88163346,
    0.92039675,
    0.95986086,
    1.0
  ]
}