{
  "name": "oil_lamp_2200k",
  "temperature_k": 2200.0,
  "spd": [
    0.005350702,
    0.006535264,
    0.007920074,
    0.009527526,
    0.011380921,
    0.0135042,
    0.01592191,
    0.018659012,
    0.02174063,
    0.02519201,
    0.0290382,
    0.033303935,
    0.03801356,
    0.0431906,
    0.04885793,
    0.055037208,
    0.061749317,
    0.06901363,
    0.076848134,
    0.08526947,
    0.0942927,
    0.10393107,
    0.11419632,
    0.12509808,
    0.13664456,
    0.14884193,
    0.16169435,
    0.17520455,
    0.18937269,
    0.20419781,
    0.21967697,
    0.235805,
    0.25257596,
    0.26998106,
    0.2880108,
    0.3066536,
    0.32589716,
    0.34572732,
    0.36612803,
    0.38708332,
    0.4085752,
    0.4305845,
    0.4530918,
    0.47607636,
    0.49951681,
    0.52339065,
    0.54767555,
    0.5723482,
    0.59738505,
    0.6227613,
    0.6484536,
    0.67443717,
    0.70068616,
    0.72717774,
    0.7538856,
    0.7807853,
    0.8078532,
    0.8350635,
    0.8623932,
    0.8898176,
    0.9173138,
    0.94485843,
    0.97242737,
    1.0
  ]
}