{
  "name": "window_north_7000k",
  "temperature_k": 7000.0,
  "spd": [
    0.98197174,
    0.98833257,
    0.99324423,
    0.9967773,
    0.999005,
    1.0,
    0.99983436,
    0.9985799,
    0.9963064,
    0.9930817,
    0.98897314,
    0.9840438,
    0.9783569,
    0.9719711,
    0.96494305,
    0.95732856,
    0.9491786,
    0.9405428,
    0.9314677,
    0.92199755,
    0.9121745,
    0.9020374,
    0.8916238,
    0.88096756,
    0.8701024,
    0.85905856,
    0.8478635,
    0.8365449,
    0.825127,
    0.8136329,
    0.80208355,
    0.79049873,
    0.7788968,
    0.7672951,
    0.7557082,
    0.74415064,
    0.7326362,
    0.7211755,
    0.7097802,
    0.69846034,
    0.68722445,
    0.6760809,
    0.66503686,
    0.6540996,
    0.6432741,
    0.63256633,
    0.6219804,
    0.6115207,
    0.60119057,
    0.5909933,
    0.5809315,
    0.5710068,
    0.561222,
    0.55157787,
    0.54207546,
    0.532716,
    0.52350014,
    0.51442784,
    0.5054993,
    0.49671417,
    0.4880725,
    0.47957355,
    0.47121653,
    0.46300074
  ]
}